1;[EIGHT, FOUR, JACK, SIX, FOUR, TWO, FIVE, SIX, EIGHT, NINE, TEN, FIVE, THREE, ONE, QUEEN, KING, NINE, JOKER, FOUR, ACE, TEN, TEN, NINE, JACK, KING, TWO, FIVE, JOKER, EIGHT, SEVEN, ONE, ACE, ONE, JOKER, QUEEN, NINE, FIVE, SEVEN, JACK, THREE, JACK, SEVEN, KING, ONE, FOUR, JOKER, TEN, SEVEN, QUEEN, TWO, THREE, SIX, KING, QUEEN, EIGHT, ACE, THREE, TWO, ACE, SIX];[EIGHT, FOUR, JACK, SIX, FOUR, TWO, FIVE, SIX, EIGHT, NINE, TEN, FIVE, THREE, ONE, QUEEN, KING, NINE, JOKER, FOUR, ACE, TEN, TEN, NINE, JACK, KING, TWO, FIVE, JOKER, EIGHT, SEVEN, ONE, ACE, ONE, JOKER, QUEEN, NINE, FIVE, SEVEN, JACK, THREE, JACK, SEVEN, KING, ONE, FOUR, JOKER, TEN, SEVEN, QUEEN, TWO, THREE, SIX, KING, QUEEN, EIGHT, ACE, THREE, TWO, ACE, SIX];simon
1;[ONE, SEVEN, JOKER, KING, JOKER, KING, TWO, SIX, JOKER, FIVE, QUEEN, THREE, TWO, SIX, SIX, ONE, EIGHT, ACE, TEN, FOUR, NINE, QUEEN, FOUR, ONE, THREE, JACK, NINE, TWO, TEN, QUEEN, FIVE, NINE, ACE, THREE, TEN, KING, JACK, KING, FOUR, NINE, JACK, FIVE, SIX, FOUR, ACE, ONE, ACE, JACK, SEVEN, SEVEN, TWO, TEN, EIGHT, QUEEN, EIGHT, JOKER, FIVE, EIGHT, SEVEN, THREE];[ONE, SEVEN, JOKER, KING, JOKER, KING, TWO, SIX, JOKER, FIVE, QUEEN, THREE, TWO, SIX, SIX, ONE, EIGHT, ACE, TEN, FOUR, NINE, QUEEN, FOUR, ONE, THREE, JACK, NINE, TWO, TEN, QUEEN, FIVE, NINE, ACE, THREE, TEN, KING, JACK, KING, FOUR, NINE, JACK, FIVE, SIX, FOUR, ACE, ONE, ACE, JACK, SEVEN, SEVEN, TWO, TEN, EIGHT, QUEEN, EIGHT, JOKER, FIVE, EIGHT, SEVEN, THREE];simon
1;[KING, KING, JOKER, FIVE, ACE, KING, QUEEN, JACK, FIVE, SIX, SEVEN, QUEEN, THREE, KING, FIVE, NINE, QUEEN, JOKER, TWO, FOUR, FOUR, ACE, ACE, TWO, ONE, FIVE, SEVEN, SEVEN, EIGHT, SEVEN, JACK, JACK, FOUR, EIGHT, THREE, TEN, TEN, ONE, SIX, THREE, JOKER, ONE, EIGHT, NINE, NINE, TWO, TEN, SIX, THREE, TWO, FOUR, NINE, JACK, QUEEN, JOKER, ONE, TEN, ACE, SIX, EIGHT];[KING, JOKER, QUEEN, ONE, ACE, JOKER, NINE, FOUR, ONE, TWO, JACK, THREE, KING, SEVEN, NINE, JACK, JACK, KING, TWO, FIVE, FOUR, FOUR, EIGHT, JOKER, THREE, SEVEN, TEN, ACE, ACE, EIGHT, ACE, THREE, JOKER, FIVE, QUEEN, FIVE, SIX, NINE, THREE, FOUR, TWO, TEN, KING, SEVEN, EIGHT, SIX, JACK, TEN, ONE, SEVEN, TWO, TEN, SIX, QUEEN, NINE, SIX, FIVE, EIGHT, ONE, QUEEN];sims
1;[FOUR, JACK, ACE, TWO, ACE, NINE, FIVE, THREE, KING, SIX, ACE, FIVE, TWO, EIGHT, NINE, QUEEN, EIGHT, JOKER, KING, QUEEN, FOUR, TWO, FIVE, THREE, TEN, SIX, KING, ONE, QUEEN, TEN, QUEEN, JOKER, JOKER, FOUR, SEVEN, THREE, ONE, ONE, KING, SEVEN, JACK, TEN, ONE, NINE, JACK, FIVE, TEN, THREE, SEVEN, JOKER, SIX, NINE, ACE, SIX, SEVEN, FOUR, JACK, TWO, EIGHT, EIGHT];[JOKER, ONE, TWO, NINE, ACE, FIVE, SEVEN, NINE, ACE, TEN, JACK, ONE, TWO, TWO, FOUR, TEN, EIGHT, QUEEN, FIVE, EIGHT, QUEEN, SIX, JACK, KING, JACK, SIX, ONE, JOKER, ACE, FOUR, SEVEN, NINE, SIX, SEVEN, THREE, FIVE, THREE, JACK, SEVEN, KING, JOKER, EIGHT, TEN, TEN, SIX, ACE, FIVE, THREE, FOUR, NINE, FOUR, KING, JOKER, ONE, QUEEN, EIGHT, KING, THREE, TWO, QUEEN];simon
1;[NINE, EIGHT, QUEEN, JACK, NINE, THREE, FOUR, THREE, NINE, FIVE, ACE, SIX, ONE, JACK, FOUR, JOKER, ACE, SEVEN, KING, QUEEN, ACE, TEN, TEN, TWO, SEVEN, EIGHT, TWO, EIGHT, TEN, JACK, JOKER, FOUR, FIVE, KING, TWO, THREE, KING, KING, FIVE, SEVEN, QUEEN, JOKER, ACE, ONE, ONE, SIX, TWO, FIVE, FOUR, NINE, TEN, SEVEN, ONE, THREE, JACK, SIX, QUEEN, JOKER, EIGHT, SIX];[JOKER, THREE, EIGHT, JACK, FIVE, THREE, JOKER, ACE, EIGHT, SEVEN, SIX, TEN, KING, QUEEN, KING, ONE, KING, QUEEN, ONE, TWO, TWO, FOUR, ACE, ONE, TEN, JACK, TEN, NINE, SIX, QUEEN, JACK, FOUR, THREE, TEN, FIVE, SEVEN, FOUR, JOKER, ACE, JACK, THREE, SEVEN, NINE, EIGHT, SIX, NINE, FIVE, FOUR, JOKER, ONE, QUEEN, KING, TWO, SIX, EIGHT, NINE, ACE, FIVE, TWO, SEVEN];simon
1;[ONE, SIX, TWO, TWO, SIX, FIVE, JOKER, EIGHT, ONE, KING, JOKER, TWO, JACK, ACE, KING, EIGHT, FOUR, ACE, TEN, QUEEN, ACE, JOKER, NINE, QUEEN, NINE, EIGHT, JACK, JOKER, ACE, THREE, EIGHT, JACK, NINE, FOUR, FIVE, QUEEN, SEVEN, TWO, SIX, KING, NINE, ONE, THREE, SEVEN, TEN, FIVE, JACK, FOUR, TEN, FIVE, THREE, THREE, FOUR, SEVEN, ONE, TEN, SIX, SEVEN, QUEEN, KING];[THREE, EIGHT, JACK, SIX, QUEEN, SEVEN, JOKER, ACE, JACK, FIVE, ONE, EIGHT, ONE, TWO, THREE, SIX, JOKER, TWO, NINE, FOUR, KING, SEVEN, TEN, NINE, JACK, ACE, QUEEN, QUEEN, KING, ONE, KING, SEVEN, TWO, KING, SEVEN, ACE, TEN, TEN, FOUR, QUEEN, NINE, NINE, FIVE, JOKER, SIX, FIVE, JACK, EIGHT, ONE, FOUR, FOUR, THREE, EIGHT, TEN, JOKER, SIX, TWO, ACE, FIVE, THREE];simon
1;[QUEEN, SEVEN, FOUR, EIGHT, JOKER, TEN, FIVE, SIX, EIGHT, JOKER, NINE, QUEEN, THREE, KING, TEN, ONE, SEVEN, TWO, QUEEN, SIX, TWO, THREE, ACE, SIX, FIVE, EIGHT, TWO, JACK, ACE, EIGHT, FOUR, ONE, SEVEN, ONE, TWO, SEVEN, KING, ACE, KING, ONE, TEN, FIVE, QUEEN, JACK, NINE, TEN, NINE, FOUR, JACK, FIVE, JOKER, FOUR, NINE, THREE, SIX, JOKER, THREE, KING, ACE, JACK];[THREE, FOUR, FIVE, JOKER, TWO, TEN, EIGHT, FOUR, KING, QUEEN, SEVEN, JACK, NINE, SIX, SEVEN, KING, SEVEN, EIGHT, FIVE, FOUR, TWO, ACE, KING, ACE, KING, FIVE, TWO, FOUR, ONE, TEN, TWO, NINE, FIVE, ONE, TEN, EIGHT, JOKER, ACE, JOKER, SEVEN, SIX, THREE, QUEEN, QUEEN, NINE, THREE, SIX, ACE, ONE, JACK, JACK, NINE, QUEEN, EIGHT, ONE, JACK, SIX, TEN, THREE, JOKER];simon
1;[FOUR, FIVE, QUEEN, ACE, JACK, TWO, TEN, JACK, FIVE, JOKER, JOKER, NINE, NINE, EIGHT, EIGHT, QUEEN, SIX, JACK, SEVEN, ONE, TWO, SEVEN, KING, KING, ACE, KING, KING, SIX, NINE, THREE, ONE, SEVEN, THREE, EIGHT, JOKER, FIVE, SIX, TWO, ACE, THREE, TWO, THREE, FOUR, FOUR, JACK, SEVEN, TEN, TEN, JOKER, FOUR, ONE, SIX, QUEEN, ONE, TEN, FIVE, ACE, EIGHT, QUEEN, NINE];[FIVE, JACK, ACE, QUEEN, JOKER, ONE, QUEEN, TWO, SEVEN, JOKER, FOUR, SIX, FIVE, NINE, THREE, NINE, ACE, EIGHT, THREE, THREE, JOKER, TEN, JACK, ACE, JACK, SIX, ACE, QUEEN, SIX, FOUR, TEN, KING, TWO, EIGHT, FIVE, TEN, JOKER, NINE, JACK, ONE, NINE, KING, EIGHT, FOUR, SEVEN, TEN, TWO, SEVEN, ONE, KING, QUEEN, TWO, SIX, EIGHT, FIVE, SEVEN, FOUR, THREE, KING, ONE];sim
1;[KING, FOUR, THREE, QUEEN, NINE, THREE, NINE, QUEEN, KING, NINE, ONE, SEVEN, EIGHT, JOKER, EIGHT, TEN, EIGHT, TWO, SEVEN, TWO, FOUR, TEN, QUEEN, FOUR, THREE, TEN, FIVE, EIGHT, NINE, JOKER, FOUR, SIX, FIVE, JOKER, SEVEN, QUEEN, ACE, ACE, KING, FIVE, TWO, SIX, ONE, THREE, TWO, SEVEN, JACK, JOKER, FIVE, ONE, JACK, JACK, ACE, KING, ACE, SIX, ONE, SIX, JACK, TEN];[JACK, NINE, FOUR, TEN, EIGHT, TWO, TEN, FIVE, ACE, ONE, EIGHT, TEN, FOUR, FIVE, ONE, SIX, JACK, SEVEN, QUEEN, FOUR, TWO, JOKER, EIGHT, KING, FIVE, SEVEN, QUEEN, ONE, JACK, THREE, FOUR, EIGHT, SIX, TWO, ACE, QUEEN, JOKER, THREE, THREE, JACK, ONE, KING, FIVE, NINE, QUEEN, KING, NINE, SEVEN, ACE, TEN, SEVEN, SIX, JOKER, KING, TWO, NINE, JOKER, THREE, SIX, ACE];si
1;[SEVEN, QUEEN, ACE, THREE, THREE, JACK, QUEEN, KING, FOUR, TEN, SIX, EIGHT, THREE, TEN, JOKER, SEVEN, ACE, JOKER, ONE, JACK, JACK, FIVE, SEVEN, JOKER, FIVE, FOUR, FIVE, SEVEN, JACK, SIX, TWO, EIGHT, TEN, SIX, EIGHT, NINE, THREE, ACE, QUEEN, NINE, ONE, FIVE, NINE, ACE, TEN, ONE, KING, FOUR, NINE, QUEEN, FOUR, SIX, JOKER, KING, KING, ONE, TWO, TWO, EIGHT, TWO];[FIVE, KING, FOUR, SIX, FOUR, KING, JACK, JOKER, KING, FOUR, NINE, QUEEN, TWO, ONE, TEN, THREE, FIVE, SEVEN, JOKER, JACK, TEN, NINE, ACE, QUEEN, FOUR, FIVE, ACE, TWO, SIX, JACK, JOKER, JOKER, QUEEN, ONE, NINE, SEVEN, ACE, NINE, THREE, THREE, EIGHT, FIVE, KING, ONE, TEN, EIGHT, SEVEN, EIGHT, SIX, TWO, ONE, SIX, TEN, JACK, THREE, QUEEN, EIGHT, SEVEN, TWO, ACE];oi
2;[SEVEN, QUEEN, ACE, THREE, THREE, JACK, QUEEN, KING, FOUR, TEN, SIX, EIGHT, THREE, TEN, JOKER, SEVEN, ACE, JOKER, ONE, JACK, JACK, FIVE, SEVEN, JOKER, FIVE, FOUR, FIVE, SEVEN, JACK, SIX, TWO, EIGHT, TEN, SIX, EIGHT, NINE, THREE, ACE, QUEEN, NINE, ONE, FIVE, NINE, ACE, TEN, ONE, KING, FOUR, NINE, QUEEN, FOUR, SIX, JOKER, KING, KING, ONE, TWO, TWO, EIGHT];[FIVE, KING, FOUR, SIX, FOUR, KING, JACK, JOKER, KING, FOUR, NINE, QUEEN, TWO, ONE, TEN, THREE, FIVE, SEVEN, JOKER, JACK, TEN, NINE, ACE, QUEEN, FOUR, FIVE, ACE, TWO, SIX, JACK, JOKER, JOKER, QUEEN, ONE, NINE, SEVEN, ACE, NINE, THREE, THREE, EIGHT, FIVE, KING, ONE, TEN, EIGHT, SEVEN, EIGHT, SIX, TWO, ONE, SIX, TEN, JACK, THREE, QUEEN, EIGHT, SEVEN, TWO, TWO];ss
2;[EIGHT, ONE, TWO, NINE, JOKER, SEVEN, QUEEN, ONE, SIX, ACE, NINE, QUEEN, TEN, SEVEN, EIGHT, ACE, ACE, QUEEN, FOUR, TEN, FIVE, JACK, NINE, SIX, ONE, FIVE, KING, FOUR, QUEEN, NINE, KING, THREE, JOKER, TEN, KING, FOUR, THREE, ACE, JACK, KING, FIVE, TWO, JACK, EIGHT, SEVEN, SIX, THREE, JOKER, JOKER, TWO, THREE, TEN, SIX, SEVEN, FIVE, EIGHT, TWO, JACK, ONE];[THREE, THREE, FIVE, EIGHT, JACK, EIGHT, QUEEN, TEN, THREE, SIX, KING, TEN, FOUR, KING, TWO, FOUR, NINE, NINE, TWO, ACE, JOKER, FIVE, FIVE, JOKER, SEVEN, SIX, QUEEN, ACE, KING, JACK, SIX, ONE, ACE, FOUR, JOKER, EIGHT, QUEEN, TWO, TEN, ACE, KING, SEVEN, SEVEN, JOKER, FOUR, QUEEN, ONE, ONE, ONE, NINE, TEN, SEVEN, JACK, THREE, SIX, NINE, EIGHT, TWO, JACK, FOUR];simo
3;[TWO, JACK, FIVE, KING, SIX, NINE, JOKER, SEVEN, ONE, TWO, THREE, KING, QUEEN, FIVE, ACE, FOUR, JACK, TEN, SIX, TEN, TEN, JACK, EIGHT, JACK, FIVE, QUEEN, JOKER, EIGHT, SEVEN, THREE, TWO, SIX, KING, TEN, NINE, KING, ONE, QUEEN, SEVEN, JOKER, JOKER, ACE, ONE, ACE, NINE, SEVEN, THREE, SIX, FOUR, EIGHT, ONE, QUEEN, EIGHT, NINE, ACE, FOUR, FOUR, TWO, THREE];[QUEEN, SEVEN, JACK, TEN, JOKER, KING, SIX, JOKER, FOUR, TWO, ACE, ONE, TEN, NINE, NINE, THREE, QUEEN, FIVE, SIX, EIGHT, ONE, NINE, TWO, FIVE, SEVEN, JOKER, SEVEN, EIGHT, FOUR, ACE, JACK, JOKER, ACE, TWO, FIVE, THREE, KING, ONE, TEN, FOUR, QUEEN, SEVEN, SIX, KING, JACK, JACK, NINE, ACE, THREE, THREE, ONE, EIGHT, EIGHT, SIX, TEN, QUEEN, TWO, KING, FOUR];simon
2;[SIX, JOKER, EIGHT, ONE, QUEEN, TEN, TWO, JACK, THREE, JACK, THREE, THREE, JACK, EIGHT, KING, ACE, EIGHT, SIX, NINE, NINE, FOUR, NINE, ACE, SEVEN, ONE, FOUR, FOUR, SIX, THREE, JACK, SEVEN, ONE, FIVE, TEN, FIVE, ONE, JOKER, SEVEN, FOUR, FIVE, NINE, FIVE, ACE, TWO, TEN, TEN, KING, QUEEN, QUEEN, SIX, JOKER, KING, QUEEN, ACE, TWO, KING, TWO, EIGHT, SEVEN, ONE];[SEVEN, ONE, JOKER, THREE, ONE, JACK, SIX, JACK, SEVEN, FIVE, TWO, QUEEN, JOKER, KING, KING, NINE, ACE, KING, FIVE, TWO, FOUR, SIX, TEN, QUEEN, ACE, FIVE, NINE, JACK, JACK, QUEEN, TEN, EIGHT, SIX, QUEEN, ACE, ONE, SIX, NINE, ACE, FOUR, JOKER, FIVE, FOUR, EIGHT, NINE, TEN, TWO, EIGHT, TEN, EIGHT, SEVEN, JOKER, FOUR, SEVEN, THREE, THREE, TWO, KING, THREE];simo
1;[ONE, JOKER, FIVE, QUEEN, FIVE, ACE, KING, FOUR, FIVE, THREE, ONE, ACE, TEN, TWO, QUEEN, EIGHT, TEN, JOKER, KING, SEVEN, QUEEN, SEVEN, SIX, EIGHT, SIX, EIGHT, THREE, THREE, SEVEN, JACK, JACK, FOUR, TWO, JOKER, NINE, SEVEN, KING, NINE, JACK, SIX, NINE, FOUR, THREE, ACE, NINE, JACK, TEN, ONE, QUEEN, KING, JOKER, FIVE, TEN, ONE, ACE, TWO, SIX, FOUR, TWO, EIGHT];[EIGHT, FOUR, TEN, TEN, FIVE, NINE, EIGHT, FOUR, TWO, JOKER, FOUR, JOKER, FIVE, KING, FIVE, QUEEN, ACE, ACE, KING, SEVEN, THREE, ONE, TWO, SIX, QUEEN, SEVEN, JACK, EIGHT, ACE, QUEEN, THREE, JACK, NINE, TWO, ONE, TWO, NINE, TEN, EIGHT, JOKER, SIX, JOKER, SEVEN, THREE, KING, SIX, THREE, QUEEN, FIVE, ONE, KING, JACK, TEN, NINE, ACE, SIX, JACK, SEVEN, FOUR, ONE];si
1;[THREE, KING, JOKER, FIVE, NINE, JACK, THREE, FOUR, EIGHT, EIGHT, FIVE, SIX, FOUR, JOKER, JACK, SEVEN, SEVEN, KING, KING, SIX, SIX, KING, JACK, JACK, QUEEN, ONE, ONE, TWO, ONE, TEN, TEN, FOUR, SEVEN, NINE, EIGHT, QUEEN, NINE, TEN, JOKER, TEN, TWO, EIGHT, FOUR, JOKER, QUEEN, THREE, ONE, QUEEN, ACE, ACE, TWO, ACE, ACE, THREE, FIVE, NINE, FIVE, SIX, SEVEN, TWO];[FIVE, ONE, THREE, SIX, SEVEN, FOUR, QUEEN, FOUR, SEVEN, FIVE, SIX, TEN, THREE, TEN, JOKER, JACK, TWO, KING, QUEEN, ONE, ONE, THREE, EIGHT, ACE, ACE, FOUR, TEN, JOKER, KING, JOKER, EIGHT, NINE, QUEEN, JACK, KING, NINE, SEVEN, ONE, ACE, JACK, EIGHT, QUEEN, EIGHT, JACK, TEN, SIX, FIVE, SEVEN, KING, SIX, FIVE, NINE, TWO, TWO, THREE, ACE, TWO, JOKER, NINE, FOUR];ss
1;[SEVEN, KING, SEVEN, JOKER, JOKER, TEN, FOUR, EIGHT, THREE, QUEEN, KING, NINE, JACK, FOUR, SIX, QUEEN, ONE, ONE, TWO, NINE, THREE, NINE, TEN, TWO, FOUR, EIGHT, FOUR, KING, KING, FIVE, ACE, NINE, TEN, ACE, JOKER, SEVEN, FIVE, JACK, TEN, ONE, QUEEN, QUEEN, TWO, SIX, EIGHT, THREE, THREE, JOKER, TWO, FIVE, FIVE, ONE, SIX, ACE, ACE, JACK, JACK, SEVEN, SIX, EIGHT];[ONE, JACK, SEVEN, ONE, ONE, THREE, QUEEN, TWO, NINE, NINE, KING, ACE, FIVE, SEVEN, ACE, FIVE, FOUR, QUEEN, ACE, EIGHT, SEVEN, SIX, SEVEN, JACK, EIGHT, KING, FOUR, QUEEN, FIVE, SIX, EIGHT, TEN, THREE, SIX, NINE, TWO, JACK, JOKER, TWO, TEN, SIX, TEN, KING, ONE, NINE, EIGHT, FIVE, FOUR, THREE, JOKER, JACK, TEN, QUEEN, JOKER, THREE, TWO, FOUR, ACE, JOKER, KING];ss
1;[SEVEN, ONE, SEVEN, JACK, JACK, KING, FOUR, JOKER, QUEEN, THREE, SIX, THREE, NINE, JACK, FIVE, NINE, TEN, QUEEN, TWO, EIGHT, FOUR, KING, TWO, FIVE, TWO, SEVEN, THREE, TEN, JOKER, ONE, SIX, NINE, TEN, QUEEN, SIX, EIGHT, ONE, JOKER, ACE, THREE, SIX, EIGHT, ACE, JACK, FIVE, FOUR, ONE, EIGHT, FIVE, KING, TEN, JOKER, QUEEN, TWO, SEVEN, FOUR, KING, ACE, ACE, NINE];[ONE, KING, SEVEN, KING, JACK, FIVE, QUEEN, ACE, NINE, SEVEN, FOUR, ONE, SIX, EIGHT, THREE, JACK, QUEEN, TEN, THREE, SIX, THREE, KING, JOKER, TWO, ONE, ACE, SIX, EIGHT, JACK, JOKER, JACK, FOUR, FOUR, SEVEN, SIX, FIVE, TEN, THREE, TEN, FOUR, TWO, NINE, JOKER, SEVEN, NINE, TWO, NINE, JOKER, QUEEN, ONE, TWO, EIGHT, QUEEN, FIVE, ACE, TEN, FIVE, EIGHT, KING, ACE];sses
1;[SIX, NINE, JACK, QUEEN, ACE, TWO, TWO, ONE, THREE, FOUR, FIVE, QUEEN, QUEEN, JOKER, FIVE, NINE, SEVEN, SIX, KING, JOKER, FOUR, NINE, FOUR, TWO, JACK, JACK, EIGHT, EIGHT, EIGHT, JOKER, JOKER, TEN, ACE, TEN, KING, EIGHT, THREE, ACE, ONE, ONE, SIX, ACE, TEN, THREE, FOUR, TEN, NINE, SEVEN, FIVE, SIX, QUEEN, SEVEN, JACK, TWO, FIVE, KING, ONE, SEVEN, KING, THREE];[JOKER, TEN, JACK, NINE, FIVE, SEVEN, JACK, EIGHT, KING, KING, JOKER, TWO, FOUR, QUEEN, ACE, JACK, SEVEN, FIVE, NINE, EIGHT, ACE, TEN, NINE, SIX, EIGHT, TWO, THREE, QUEEN, JACK, EIGHT, THREE, SIX, TEN, ACE, KING, FOUR, ONE, ACE, SEVEN, KING, JOKER, SEVEN, JOKER, TWO, ONE, ONE, QUEEN, SIX, FOUR, THREE, NINE, ONE, FIVE, FOUR, SIX, FIVE, TEN, THREE, TWO, QUEEN];dere
24;[TEN, ACE, SEVEN, FIVE, NINE, JOKER, JACK, FOUR, JOKER, ONE, KING, SIX, KING, QUEEN, EIGHT, ONE, ONE, FOUR, QUEEN, TWO, THREE, SIX, ACE, KING, JOKER, FOUR, TEN, THREE, EIGHT, ACE, TEN, NINE, EIGHT, TWO, ACE, SIX, THREE, ONE, FIVE, SEVEN, QUEEN, SIX, JACK, QUEEN, FIVE, TWO];[FOUR, FOUR, TWO, QUEEN, KING, THREE, FIVE, SIX, QUEEN, JOKER, TWO, JACK, JOKER, NINE, SIX, ACE, TEN, SIX, SEVEN, ONE, QUEEN, KING, KING, ONE, TWO, SEVEN, SEVEN, JOKER, ONE, SEVEN, EIGHT, ONE, NINE, EIGHT, QUEEN, TWO, ACE, TEN, THREE, NINE, JACK, EIGHT, THREE, JACK, FOUR];simon
3;[TWO, NINE, TWO, JOKER, NINE, NINE, EIGHT, FIVE, SIX, JACK, TEN, SEVEN, FIVE, ACE, ACE, TEN, ONE, EIGHT, SEVEN, FOUR, TEN, JACK, FOUR, SEVEN, JACK, TWO, KING, FOUR, JOKER, ONE, QUEEN, SIX, JACK, JOKER, KING, QUEEN, ONE, THREE, ACE, EIGHT, THREE, QUEEN, KING, THREE, NINE, THREE, SIX, ONE, EIGHT, SIX, TWO, SEVEN, JOKER, FIVE, FIVE, KING, TEN, ACE, QUEEN];[ACE, FOUR, KING, EIGHT, QUEEN, TEN, THREE, SEVEN, JOKER, JACK, ACE, QUEEN, SEVEN, TWO, FIVE, TWO, FOUR, SIX, QUEEN, SIX, ONE, ONE, NINE, FIVE, JACK, FOUR, TEN, FOUR, SEVEN, KING, EIGHT, FIVE, EIGHT, JOKER, FIVE, ACE, TWO, JACK, NINE, TWO, KING, ONE, SIX, SEVEN, ONE, TEN, JACK, NINE, THREE, ACE, THREE, TEN, QUEEN, JOKER, KING, NINE, EIGHT, SIX, THREE, FOUR];simon
4;[TWO, NINE, TWO, JOKER, NINE, NINE, EIGHT, FIVE, SIX, JACK, TEN, SEVEN, FIVE, ACE, ACE, TEN, ONE, EIGHT, SEVEN, FOUR, TEN, JACK, FOUR, SEVEN, JACK, TWO, KING, FOUR, JOKER, ONE, QUEEN, SIX, JACK, JOKER, KING, QUEEN, ONE, THREE, ACE, EIGHT, THREE, QUEEN, KING, THREE, NINE, THREE, SIX, ONE, EIGHT, SIX, TWO, SEVEN, JOKER, FIVE, FIVE, KING, TEN, ACE, FOUR];[ACE, FOUR, KING, EIGHT, QUEEN, TEN, THREE, SEVEN, JOKER, JACK, ACE, QUEEN, SEVEN, TWO, FIVE, TWO, FOUR, SIX, QUEEN, SIX, ONE, ONE, NINE, FIVE, JACK, FOUR, TEN, FOUR, SEVEN, KING, EIGHT, FIVE, EIGHT, JOKER, FIVE, ACE, TWO, JACK, NINE, TWO, KING, ONE, SIX, SEVEN, ONE, TEN, JACK, NINE, THREE, ACE, THREE, TEN, QUEEN, JOKER, KING, NINE, EIGHT, SIX, THREE];simon
2;[SIX, ACE, TEN, KING, QUEEN, JACK, ACE, TWO, FOUR, JOKER, JACK, SEVEN, JACK, NINE, SEVEN, SIX, ONE, JOKER, QUEEN, ONE, SIX, EIGHT, TWO, FOUR, ONE, FIVE, QUEEN, KING, ACE, THREE, ONE, THREE, TEN, TEN, JOKER, NINE, SEVEN, SEVEN, JOKER, EIGHT, KING, QUEEN, EIGHT, FIVE, FOUR, NINE, TWO, TWO, FOUR, NINE, THREE, TEN, KING, JACK, ACE, FIVE, THREE, EIGHT, SIX, FIVE];[FIVE, NINE, NINE, FIVE, TEN, EIGHT, JOKER, JOKER, SEVEN, NINE, KING, QUEEN, THREE, SEVEN, TEN, SEVEN, JACK, EIGHT, FIVE, EIGHT, THREE, FIVE, FOUR, SIX, TWO, FOUR, NINE, JOKER, ACE, SIX, ACE, TWO, THREE, QUEEN, SIX, ONE, QUEEN, TEN, ONE, TWO, ONE, JACK, ONE, SEVEN, ACE, KING, JOKER, FOUR, ACE, EIGHT, JACK, THREE, TEN, KING, KING, JACK, SIX, QUEEN, TWO, FOUR];simon
2;[SIX, JOKER, TEN, THREE, SEVEN, KING, NINE, QUEEN, EIGHT, EIGHT, KING, QUEEN, NINE, QUEEN, FOUR, SEVEN, TEN, SIX, ACE, EIGHT, JACK, KING, KING, ONE, NINE, ONE, JACK, FIVE, ACE, FOUR, QUEEN, JOKER, TWO, TWO, SIX, QUEEN, ACE, TWO, ACE, JOKER, THREE, ONE, NINE, JOKER, FOUR, SIX, THREE, SIX, ACE, QUEEN, THREE, FOUR, KING, NINE, JOKER, FIVE, TEN, FIVE, KING, ONE, TEN, EIGHT, THREE, ONE, FIVE, JACK, JOKER, THREE, NINE, FIVE, TEN, JACK, JACK, JACK, KING, TWO, ACE, SEVEN, SEVEN, SIX, ACE, EIGHT, SEVEN, THREE, JACK, SEVEN, EIGHT, JOKER, JACK, FIVE, FIVE, TWO, TWO, NINE, TEN, ONE, FOUR, EIGHT, SEVEN, TWO, FOUR, QUEEN, FIVE, SIX, EIGHT, ONE, THREE, JOKER, TEN, SIX, KING, SEVEN, ACE, TEN, TWO, QUEEN, FOUR, ONE, FOUR, NINE];[TEN, FIVE, SEVEN, ACE, JOKER, EIGHT, ACE, KING, SEVEN, FIVE, JOKER, JOKER, TWO, JACK, JOKER, FIVE, NINE, SEVEN, TWO, TWO, TWO, EIGHT, QUEEN, SIX, JACK, QUEEN, SEVEN, TEN, QUEEN, QUEEN, TEN, ONE, KING, SEVEN, SIX, JACK, TWO, ONE, THREE, KING, TEN, THREE, FOUR, FOUR, SIX, FIVE, FOUR, FIVE, FOUR, ONE, TWO, SIX, THREE, QUEEN, SEVEN, EIGHT, KING, JACK, TEN, FOUR, ACE, ONE, KING, FOUR, NINE, ACE, SIX, FOUR, NINE, ONE, NINE, EIGHT, ACE, THREE, SEVEN, ACE, NINE, NINE, TWO, NINE, QUEEN, TEN, ACE, ACE, KING, TEN, FIVE, FOUR, FIVE, JOKER, KING, TEN, TWO, QUEEN, KING, EIGHT, JACK, JACK, QUEEN, EIGHT, SIX, ONE, THREE, JOKER, SIX, THREE, EIGHT, THREE, ONE, JOKER, THREE, JACK, JACK, EIGHT, JOKER, NINE, FIVE, ONE, SIX, SEVEN];simon
2;[FOUR, QUEEN, SIX, FIVE, QUEEN, FOUR, QUEEN, JACK, NINE, EIGHT, ACE, FOUR, QUEEN, SEVEN, JACK, FOUR, SEVEN, SIX, NINE, SIX, EIGHT, TEN, JACK, ACE, TEN, ONE, THREE, TEN, JACK, ACE, TWO, JOKER, EIGHT, SEVEN, FIVE, TEN, EIGHT, KING, KING, KING, SIX, TEN, FOUR, NINE, JACK, FOUR, TWO, FIVE, KING, TWO, FIVE, TWO, NINE, TWO, NINE, ONE, THREE, TWO, ACE, JACK, SEVEN, THREE, SIX, SIX, KING, FIVE, FOUR, JOKER, TWO, THREE, SIX, THREE, THREE, JOKER, SEVEN, FOUR, JOKER, ACE, FIVE, FIVE, ONE, QUEEN, JOKER, ACE, ACE, NINE, SEVEN, TEN, ONE, JOKER, SEVEN, FIVE, TWO, NINE, KING, THREE, JACK, SIX, EIGHT, QUEEN, ONE, QUEEN, NINE, JOKER, EIGHT, ONE, QUEEN, ONE, KING, KING, EIGHT, ACE, SEVEN, EIGHT, TEN, TEN, ONE, THREE, JOKER, JACK];[FOUR, FIVE, NINE, SIX, TWO, JOKER, FOUR, TEN, SEVEN, JACK, JACK, TWO, JOKER, ACE, SEVEN, ACE, SEVEN, SEVEN, EIGHT, NINE, FOUR, ONE, EIGHT, NINE, FOUR, QUEEN, SIX, ONE, FIVE, NINE, FOUR, ONE, SEVEN, FIVE, QUEEN, NINE, ONE, KING, KING, KING, QUEEN, EIGHT, TEN, KING, SIX, NINE, QUEEN, EIGHT, TEN, TWO, FIVE, THREE, KING, EIGHT, JOKER, JACK, JACK, FIVE, THREE, ACE, JOKER, QUEEN, THREE, ACE, THREE, JACK, JACK, SIX, SIX, TEN, EIGHT, EIGHT, KING, ONE, JACK, EIGHT, JOKER, TWO, THREE, FIVE, TEN, FIVE, FOUR, JOKER, QUEEN, SEVEN, FOUR, SIX, QUEEN, NINE, SEVEN, TEN, TWO, ACE, THREE, KING, ACE, ACE, KING, JACK, FOUR, THREE, ONE, TWO, NINE, TWO, TEN, SEVEN, ACE, ONE, THREE, FIVE, TWO, QUEEN, TEN, ONE, JOKER, JOKER, SIX, SIX];simo